"_id","severity","country","city","level","line","speedKMH","length","turnType","type","uuid","endNode","speed","segments","roadType","delay","updateMillis","street","id","pubMillis"
1122795054,0,"BR","Curitiba",2,"[{""x"":-49.263528,""y"":-25.447919},{""x"":-49.264109,""y"":-25.446752},{""x"":-49.264749,""y"":-25.445433},{""x"":-49.265401,""y"":-25.444112},{""x"":-49.265526,""y"":-25.443924},{""x"":-49.265897,""y"":-25.443104},{""x"":-49.266059,""y"":-25.442815},{""x"":-49.266149,""y"":-25.442669}]",14.11,638,"NONE","NONE",1122795054,"Av. Pres. Getúlio Vargas - Pista Esq.",3.9194444444444443,"[{""fromNode"":161153385,""ID"":158591514,""toNode"":161153189,""isForward"":true},{""fromNode"":161153189,""ID"":158591209,""toNode"":161152984,""isForward"":true},{""fromNode"":161152984,""ID"":158590912,""toNode"":161152771,""isForward"":true},{""fromNode"":161152771,""ID"":158590587,""toNode"":161152580,""isForward"":true},{""fromNode"":161152580,""ID"":167604931,""toNode"":165078353,""isForward"":true}]",2,83,1543534327047,"Av. Mal. Floriano Peixoto",1122795054,1543534121229
2043894316,3,"BR","Curitiba",5,"[{""x"":-49.207046,""y"":-25.505361},{""x"":-49.2065,""y"":-25.505956}]",0,86,"NONE","NONE",2043894316,,0,"[{""fromNode"":241042641,""ID"":321972881,""toNode"":259844463,""isForward"":true}]",2,-1,1543534341741,"Av. Sen. Salgado Filho",2043894316,1542640204232
1115704146,0,"BR","Curitiba",3,"[{""x"":-49.308132,""y"":-25.47703},{""x"":-49.308095,""y"":-25.478131},{""x"":-49.308086,""y"":-25.479552},{""x"":-49.30806,""y"":-25.480992}]",6.25,439,"NONE","NONE",1115704146,"R. Manoel Gustavo Schier",1.7361111111111112,"[{""fromNode"":161140475,""ID"":158573203,""toNode"":161140825,""isForward"":true},{""fromNode"":161140825,""ID"":158573219,""toNode"":161140510,""isForward"":true},{""fromNode"":161140510,""ID"":158573226,""toNode"":161140522,""isForward"":true}]",1,186,1543534322706,"R. Theodoro Schneider",1115704146,1543533415238
1122788513,0,"BR","Curitiba",3,"[{""x"":-49.272907,""y"":-25.43113},{""x"":-49.272683,""y"":-25.431583},{""x"":-49.272256,""y"":-25.432454},{""x"":-49.271796,""y"":-25.433374},{""x"":-49.271372,""y"":-25.434238}]",11.32,378,"NONE","NONE",1122788513,"R. André de Barros",3.1444444444444444,"[{""fromNode"":161150677,""ID"":158587584,""toNode"":161150532,""isForward"":true},{""fromNode"":161150532,""ID"":158587703,""toNode"":161150773,""isForward"":true},{""fromNode"":161150773,""ID"":158587883,""toNode"":161150911,""isForward"":true},{""fromNode"":161150911,""ID"":158588074,""toNode"":161151013,""isForward"":true}]",2,73,1543534327465,"Al. Dr. Muricy",1122788513,1543534327463
1163953299,0,"BR","Curitiba",2,"[{""x"":-49.276499,""y"":-25.456462},{""x"":-49.276024,""y"":-25.455422},{""x"":-49.275564,""y"":-25.454406},{""x"":-49.275167,""y"":-25.453527}]",8.63,352,"NONE","NONE",1163953299,"Av. Água Verde",2.397222222222222,"[{""fromNode"":161149272,""ID"":158585957,""toNode"":161149400,""isForward"":false},{""fromNode"":161149400,""ID"":158586145,""toNode"":161149537,""isForward"":false},{""fromNode"":161149537,""ID"":158586368,""toNode"":161149696,""isForward"":false}]",1,70,1543534326433,"R. Otávio Francisco Dias",1163953299,1543534119675
1139313890,0,"BR","Curitiba",2,"[{""x"":-49.267134,""y"":-25.455014},{""x"":-49.26805,""y"":-25.453066},{""x"":-49.268614,""y"":-25.451969}]",7.63,369,"NONE","NONE",1139313890,"R. Chile",2.1194444444444445,"[{""fromNode"":161152228,""ID"":158589772,""toNode"":161151961,""isForward"":false},{""fromNode"":161151961,""ID"":158589553,""toNode"":161151790,""isForward"":false}]",1,92,1543534327178,"R. Nunes Machado",1139313890,1543534120903
186683334,3,"BR","São José dos Pinhais",5,"[{""x"":-49.205354,""y"":-25.507178},{""x"":-49.204792,""y"":-25.507973},{""x"":-49.20471,""y"":-25.50814}]",0,125,"NONE","NONE",186683334,,0,"[{""fromNode"":227261179,""ID"":321974304,""toNode"":259845320,""isForward"":false}]",2,-1,1543534339068,"R. Joaquim Nabuco",186683334,1542856375642
1164201399,0,"BR","Curitiba",3,"[{""x"":-49.287188,""y"":-25.446309},{""x"":-49.287396,""y"":-25.446503},{""x"":-49.287518,""y"":-25.446648},{""x"":-49.287567,""y"":-25.446744},{""x"":-49.287604,""y"":-25.446846},{""x"":-49.287657,""y"":-25.447248},{""x"":-49.287694,""y"":-25.447444},{""x"":-49.287963,""y"":-25.449176}]",8.58,335,"NONE","NONE",1164201399,"Av. Iguaçu",2.3833333333333333,"[{""fromNode"":281019667,""ID"":355773071,""toNode"":161146544,""isForward"":false},{""fromNode"":161146544,""ID"":158581322,""toNode"":161146511,""isForward"":true},{""fromNode"":161146511,""ID"":158581241,""toNode"":161146495,""isForward"":true}]",1,71,1543534326762,"V. Exclusiva de Ônibus",1164201399,1543534223738
180084146,3,"BR","Curitiba",5,"[{""x"":-49.2065,""y"":-25.505956},{""x"":-49.205794,""y"":-25.506723},{""x"":-49.205354,""y"":-25.507178}]",0,178,"NONE","NONE",180084146,"R. Joaquim Nabuco",0,"[{""fromNode"":259844463,""ID"":321972882,""toNode"":227261179,""isForward"":true}]",2,-1,1543534329049,"Av. Sen. Salgado Filho",180084146,1542856376500
1136242491,0,"BR","Curitiba",2,"[{""x"":-49.262741,""y"":-25.439589},{""x"":-49.263406,""y"":-25.439842},{""x"":-49.264103,""y"":-25.440131},{""x"":-49.264517,""y"":-25.440286},{""x"":-49.265484,""y"":-25.44067},{""x"":-49.266494,""y"":-25.441037},{""x"":-49.266906,""y"":-25.441188},{""x"":-49.267013,""y"":-25.441228},{""x"":-49.267531,""y"":-25.441418},{""x"":-49.268087,""y"":-25.441636}]",14.790000000000001,584,"NONE","NONE",1136242491,,4.108333333333333,"[{""fromNode"":161153612,""ID"":158591858,""toNode"":161153371,""isForward"":true},{""fromNode"":161153371,""ID"":201750308,""toNode"":183032323,""isForward"":true},{""fromNode"":183032323,""ID"":201750307,""toNode"":161152965,""isForward"":true},{""fromNode"":161152965,""ID"":206096957,""toNode"":185523013,""isForward"":true},{""fromNode"":185523013,""ID"":206096910,""toNode"":161152563,""isForward"":true},{""fromNode"":161152563,""ID"":158590277,""toNode"":161152353,""isForward"":true},{""fromNode"":161152353,""ID"":158590228,""toNode"":161152320,""isForward"":true},{""fromNode"":161152320,""ID"":251093514,""toNode"":212802698,""isForward"":true},{""fromNode"":212802698,""ID"":251093578,""toNode"":161152087,""isForward"":true}]",2,75,1543534320894,"Av. Iguaçu - Pista Dir.",1136242491,1543534320881
1122515683,0,"BR",,4,"[{""x"":-49.328218,""y"":-25.477348},{""x"":-49.328134,""y"":-25.477421},{""x"":-49.328082,""y"":-25.477441},{""x"":-49.328022,""y"":-25.477445},{""x"":-49.327954,""y"":-25.477442},{""x"":-49.327897,""y"":-25.477414},{""x"":-49.327855,""y"":-25.477374},{""x"":-49.327783,""y"":-25.477291},{""x"":-49.326329,""y"":-25.47751},{""x"":-49.326243,""y"":-25.477552},{""x"":-49.326178,""y"":-25.477571},{""x"":-49.326098,""y"":-25.477581},{""x"":-49.325983,""y"":-25.477576}]",4.04,239,"NONE","NONE",1122515683,"Curitib",1.1222222222222222,"[{""fromNode"":260422859,""ID"":322871174,""toNode"":260422860,""isForward"":true}]",1,178,1543534327948,,1122515683,1543534121893
2063234367,2,"BR","Curitiba",5,"[{""x"":-49.220592,""y"":-25.411259},{""x"":-49.220513,""y"":-25.411195},{""x"":-49.220449,""y"":-25.411159},{""x"":-49.220355,""y"":-25.411127}]",0,28,"NONE","NONE",2063234367,"R. Domingos Fernandes Maia",0,"[{""fromNode"":284531980,""ID"":361183222,""toNode"":161163544,""isForward"":true}]",2,-1,1543534336690,"Domingos Fernandes Maia",2063234367,1542636219165
1138655860,0,"BR","Curitiba",3,"[{""x"":-49.272432,""y"":-25.422097},{""x"":-49.270806,""y"":-25.422473},{""x"":-49.270307,""y"":-25.422567}]",5.800000000000001,220,"NONE","NONE",1138655860,"Av. Cândido de Abreu",1.6111111111111112,"[{""fromNode"":161150281,""ID"":158587831,""toNode"":161150925,""isForward"":true},{""fromNode"":161150925,""ID"":340631865,""toNode"":271456896,""isForward"":true}]",2,95,1543534327075,"R. Barão de Antonina",1138655860,1543533520879
1122511593,0,"BR","Curitiba",1,"[{""x"":-49.308358,""y"":-25.436488},{""x"":-49.31003,""y"":-25.437235},{""x"":-49.310473,""y"":-25.437452},{""x"":-49.310828,""y"":-25.437598},{""x"":-49.311526,""y"":-25.437816},{""x"":-49.311993,""y"":-25.437881},{""x"":-49.31285,""y"":-25.437916},{""x"":-49.314497,""y"":-25.43791},{""x"":-49.314767,""y"":-25.437921},{""x"":-49.314984,""y"":-25.437976},{""x"":-49.315192,""y"":-25.438064},{""x"":-49.315338,""y"":-25.43815},{""x"":-49.315471,""y"":-25.438247}]",18.07,759,"NONE","NONE",1122511593,,5.019444444444445,"[{""fromNode"":161140052,""ID"":193530613,""toNode"":161130001,""isForward"":false}]",1,66,1543534323612,"V. Exclusiva de Ônibus",1122511593,1543534118702
2038150386,2,"BR","Curitiba",5,"[{""x"":-49.220355,""y"":-25.411127},{""x"":-49.220432,""y"":-25.410902}]",0,26,"NONE","NONE",2038150386,"Av. Linha Verde",0,"[{""fromNode"":161163544,""ID"":277981459,""toNode"":284531978,""isForward"":true}]",2,-1,1543534343365,"R. Domingos Fernandes Maia",2038150386,1542636403518
2027947822,2,"BR","Curitiba",5,"[{""x"":-49.26507,""y"":-25.442256},{""x"":-49.263792,""y"":-25.441765}]",0,140,"NONE","NONE",2027947822,"R. Rockefeller",0,"[{""fromNode"":219128492,""ID"":260919446,""toNode"":165078272,""isForward"":false}]",2,-1,1543534329089,"Av. Pres. Getúlio Vargas - Pista Esq.",2027947822,1542640103345
1139588440,0,"BR","Curitiba",3,"[{""x"":-49.262306,""y"":-25.436034},{""x"":-49.262367,""y"":-25.435963},{""x"":-49.262427,""y"":-25.43589},{""x"":-49.26296,""y"":-25.434643},{""x"":-49.263041,""y"":-25.434457},{""x"":-49.26379,""y"":-25.432781}]",11.65,390,"NONE","NONE",1139588440,"R. Nilo Cairo",3.236111111111111,"[{""fromNode"":161153588,""ID"":301724095,""toNode"":246831930,""isForward"":false},{""fromNode"":246831930,""ID"":301724094,""toNode"":161153549,""isForward"":false},{""fromNode"":161153549,""ID"":158592096,""toNode"":161153462,""isForward"":true},{""fromNode"":161153462,""ID"":158592064,""toNode"":161153507,""isForward"":true},{""fromNode"":161153507,""ID"":158591699,""toNode"":161153229,""isForward"":true}]",2,66,1543534327921,"R. Cons. Laurindo",1139588440,1543534327920
1322542147,2,"BR","Curitiba",5,"[{""x"":-49.306685,""y"":-25.434488},{""x"":-49.306492,""y"":-25.434009},{""x"":-49.306794,""y"":-25.432656}]",0,209,"NONE","NONE",1322542147,"R. Cézar Pastre",0,"[{""fromNode"":161141217,""ID"":319894798,""toNode"":161141232,""isForward"":true}]",1,-1,1543534323462,"R. Vitorino Kaviski",1322542147,1542078783995
2035527899,2,"BR","Curitiba",5,"[{""x"":-49.222094,""y"":-25.414623},{""x"":-49.221575,""y"":-25.413459}]",0,139,"NONE","NONE",2035527899,"R. dos Xaverianos",0,"[{""fromNode"":282183028,""ID"":357551886,""toNode"":174855613,""isForward"":true}]",2,-1,1543534339142,,2035527899,1542636400547
1741990108,2,"BR","Curitiba",5,"[{""x"":-49.266149,""y"":-25.442669},{""x"":-49.265327,""y"":-25.442354}]",0,90,"NONE","NONE",1741990108,,0,"[{""fromNode"":165078353,""ID"":327259290,""toNode"":263098272,""isForward"":false}]",2,-1,1543534332635,"Av. Pres. Getúlio Vargas - Pista Esq.",1741990108,1538998307058
1135842821,0,"BR","Curitiba",2,"[{""x"":-49.258893,""y"":-25.426947},{""x"":-49.258795,""y"":-25.42692},{""x"":-49.256196,""y"":-25.427142},{""x"":-49.255173,""y"":-25.427204},{""x"":-49.253723,""y"":-25.427346}]",11.99,523,"NONE","NONE",1135842821,"R. José de Alencar",3.3305555555555557,"[{""fromNode"":161154693,""ID"":158593853,""toNode"":161154884,""isForward"":true},{""fromNode"":161154884,""ID"":158594868,""toNode"":161155552,""isForward"":true},{""fromNode"":161155552,""ID"":158595257,""toNode"":161155805,""isForward"":true}]",2,80,1543534327293,"R. Mal. Deodoro",1135842821,1543533923011
791620099,2,"BR","Curitiba",5,"[{""x"":-49.306794,""y"":-25.432656},{""x"":-49.306492,""y"":-25.434009},{""x"":-49.306685,""y"":-25.434488}]",0,209,"NONE","NONE",791620099,"R. Pe. Agostinho",0,"[{""fromNode"":161141232,""ID"":319894798,""toNode"":161141217,""isForward"":false}]",1,-1,1543534323465,"R. Vitorino Kaviski",791620099,1543288718822
672115337,2,"BR","Curitiba",5,"[{""x"":-49.263792,""y"":-25.441765},{""x"":-49.262601,""y"":-25.441307}]",0,130,"NONE","NONE",672115337,"R. Piquiri",0,"[{""fromNode"":165078272,""ID"":349706687,""toNode"":263097970,""isForward"":false}]",2,-1,1543534332662,"Av. Pres. Getúlio Vargas - Pista Esq.",672115337,1543241972483
1122656363,0,"BR","Curitiba",2,"[{""x"":-49.262134,""y"":-25.429438},{""x"":-49.261607,""y"":-25.430409},{""x"":-49.261253,""y"":-25.431131},{""x"":-49.261021,""y"":-25.431626},{""x"":-49.260225,""y"":-25.433351},{""x"":-49.260144,""y"":-25.433535},{""x"":-49.259555,""y"":-25.434794},{""x"":-49.259488,""y"":-25.434936},{""x"":-49.259186,""y"":-25.435559}]",11.15,741,"NONE","NONE",1122656363,"Av. Pres. Affonso Camargo",3.0972222222222223,"[{""fromNode"":161153796,""ID"":158592511,""toNode"":161153940,""isForward"":true},{""fromNode"":161153940,""ID"":339782520,""toNode"":270918414,""isForward"":true},{""fromNode"":270918414,""ID"":339782521,""toNode"":161154084,""isForward"":true},{""fromNode"":161154084,""ID"":158592954,""toNode"":161154299,""isForward"":true},{""fromNode"":161154299,""ID"":158593296,""toNode"":161154476,""isForward"":true},{""fromNode"":161154476,""ID"":158593328,""toNode"":161154460,""isForward"":true},{""fromNode"":161154460,""ID"":158593568,""toNode"":161154494,""isForward"":true},{""fromNode"":161154494,""ID"":335395897,""toNode"":161154509,""isForward"":false}]",1,102,1543534328294,"R. Francisco Torres",1122656363,1543534122510
1116469976,0,"BR","Curitiba",3,"[{""x"":-49.325377,""y"":-25.427591},{""x"":-49.325048,""y"":-25.428156},{""x"":-49.324963,""y"":-25.428367},{""x"":-49.324677,""y"":-25.429277},{""x"":-49.324523,""y"":-25.429588},{""x"":-49.324523,""y"":-25.429587},{""x"":-49.324423,""y"":-25.429697},{""x"":-49.324264,""y"":-25.4298},{""x"":-49.324151,""y"":-25.429843},{""x"":-49.324042,""y"":-25.429856},{""x"":-49.323373,""y"":-25.42986},{""x"":-49.322989,""y"":-25.429918},{""x"":-49.322609,""y"":-25.42987}]",10.44,443,"NONE","NONE",1116469976,"R. Pe. Ladislau Kula",2.9,"[{""fromNode"":161135855,""ID"":158566710,""toNode"":161136191,""isForward"":false},{""fromNode"":161136191,""ID"":158566884,""toNode"":161136323,""isForward"":false},{""fromNode"":161136323,""ID"":242713828,""toNode"":188220913,""isForward"":false}]",2,98,1543534322634,"R. Tobias de Macedo Jr.",1116469976,1543534118177
2005279195,2,"BR","Curitiba",5,"[{""x"":-49.235616,""y"":-25.528777},{""x"":-49.235591,""y"":-25.528635},{""x"":-49.235603,""y"":-25.528545}]",0,26,"NONE","NONE",2005279195,"R. Geraldo Warkentin",0,"[{""fromNode"":201514451,""ID"":233366916,""toNode"":161160410,""isForward"":true}]",2,-1,1543534326163,"R. Mathias de Andrade Vieira",2005279195,1542636392266
1083039746,2,"BR","Curitiba",5,"[{""x"":-49.265327,""y"":-25.442354},{""x"":-49.26507,""y"":-25.442256}]",0,28,"NONE","NONE",1083039746,"R. Santo Antônio",0,"[{""fromNode"":263098272,""ID"":327259289,""toNode"":219128492,""isForward"":false}]",2,-1,1543534330711,"Av. Pres. Getúlio Vargas - Pista Esq.",1083039746,1543511081420
1164096839,0,"BR","Curitiba",3,"[{""x"":-49.259869,""y"":-25.429771},{""x"":-49.260783,""y"":-25.430118},{""x"":-49.261607,""y"":-25.430409},{""x"":-49.262367,""y"":-25.430719},{""x"":-49.262537,""y"":-25.43079},{""x"":-49.263235,""y"":-25.431049},{""x"":-49.264364,""y"":-25.431483}]",8.540000000000001,491,"NONE","NONE",1164096839,"R. Cons. Laurindo",2.3722222222222222,"[{""fromNode"":161154353,""ID"":158593039,""toNode"":161154152,""isForward"":true},{""fromNode"":161154152,""ID"":158592718,""toNode"":161153940,""isForward"":true},{""fromNode"":161153940,""ID"":158592383,""toNode"":161153795,""isForward"":true},{""fromNode"":161153795,""ID"":158592320,""toNode"":161153665,""isForward"":true},{""fromNode"":161153665,""ID"":158591948,""toNode"":161153327,""isForward"":true},{""fromNode"":161153327,""ID"":158591419,""toNode"":161153222,""isForward"":true}]",2,99,1543534328464,"R. Comendador Macedo",1164096839,1543534122840
1139309470,0,"BR","Curitiba",3,"[{""x"":-49.292305,""y"":-25.479871},{""x"":-49.292299,""y"":-25.479875},{""x"":-49.292216,""y"":-25.479434},{""x"":-49.292153,""y"":-25.478826},{""x"":-49.29209,""y"":-25.478018},{""x"":-49.292091,""y"":-25.477912},{""x"":-49.292116,""y"":-25.477818},{""x"":-49.292169,""y"":-25.477646},{""x"":-49.292428,""y"":-25.476933}]",5.290000000000001,333,"NONE","NONE",1139309470,,1.4694444444444446,"[{""fromNode"":254445436,""ID"":313416710,""toNode"":223336305,""isForward"":true},{""fromNode"":223336305,""ID"":267523759,""toNode"":223336306,""isForward"":true},{""fromNode"":223336306,""ID"":322499272,""toNode"":260176833,""isForward"":true}]",1,152,1543534322091,"V. Exclusiva de Ônibus",1139309470,1543534117685
1778682843,2,"BR","Curitiba",5,"[{""x"":-49.262601,""y"":-25.441307},{""x"":-49.261408,""y"":-25.44085}]",0,130,"NONE","NONE",1778682843,"R. João Negrão",0,"[{""fromNode"":263097970,""ID"":327258876,""toNode"":165078262,""isForward"":true}]",2,-1,1543534340014,"Av. Pres. Getúlio Vargas - Pista Esq.",1778682843,1538998392320
1137905938,0,"BR","Curitiba",3,"[{""x"":-49.294601,""y"":-25.435782},{""x"":-49.294292,""y"":-25.436404},{""x"":-49.293902,""y"":-25.437167},{""x"":-49.293344,""y"":-25.438292},{""x"":-49.292655,""y"":-25.439454}]",10.77,452,"NONE","NONE",1137905938,"Av. Vicente Machado",2.9916666666666667,"[{""fromNode"":161144628,""ID"":158578841,""toNode"":161144898,""isForward"":false},{""fromNode"":161144898,""ID"":158578999,""toNode"":161144817,""isForward"":false},{""fromNode"":161144817,""ID"":158579143,""toNode"":161144931,""isForward"":false},{""fromNode"":161144931,""ID"":158579332,""toNode"":161145099,""isForward"":false}]",1,90,1543534324122,"R. Bruno Filgueira",1137905938,1543533416968
1116616926,0,"BR","Curitiba",2,"[{""x"":-49.260896,""y"":-25.425189},{""x"":-49.262496,""y"":-25.422012}]",11.58,387,"NONE","NONE",1116616926,"Av. Agostinho Leão Jr.",3.216666666666667,"[{""fromNode"":161153901,""ID"":158592325,""toNode"":161153623,""isForward"":true}]",1,64,1543534329087,"R. Pe. Camargo",1116616926,1543534123403
1124289032,0,"BR","Curitiba",4,"[{""x"":-49.270116,""y"":-25.478518},{""x"":-49.269053,""y"":-25.47925},{""x"":-49.267987,""y"":-25.479975},{""x"":-49.266908,""y"":-25.480681}]",5.8100000000000005,402,"NONE","NONE",1124289032,"R. Maj. Vicente de Castro",1.613888888888889,"[{""fromNode"":161151421,""ID"":158588879,""toNode"":161151620,""isForward"":false},{""fromNode"":161151620,""ID"":158589385,""toNode"":161151966,""isForward"":false},{""fromNode"":161151966,""ID"":158589822,""toNode"":161152256,""isForward"":false}]",1,183,1543534326489,"R. Durval Pacheco de Carvalho",1124289032,1543533418424
1122662304,0,"BR","Curitiba",2,"[{""x"":-49.271975,""y"":-25.43981},{""x"":-49.270148,""y"":-25.439096},{""x"":-49.269966,""y"":-25.439024},{""x"":-49.268393,""y"":-25.438408},{""x"":-49.268235,""y"":-25.43834},{""x"":-49.265724,""y"":-25.437372}]",11.22,684,"NONE","NONE",1122662304,"R. João Negrão",3.1166666666666667,"[{""fromNode"":161150754,""ID"":317274912,""toNode"":256878271,""isForward"":true},{""fromNode"":256878271,""ID"":317274913,""toNode"":161151038,""isForward"":true},{""fromNode"":161151038,""ID"":158588971,""toNode"":161151688,""isForward"":true},{""fromNode"":161151688,""ID"":158589660,""toNode"":161152149,""isForward"":true},{""fromNode"":161152149,""ID"":158589698,""toNode"":161152173,""isForward"":true}]",1,95,1543534327417,"Av. Sete de Setembro",1122662304,1543533921800
1122793114,0,"BR","Curitiba",3,"[{""x"":-49.281821,""y"":-25.424601},{""x"":-49.280213,""y"":-25.425432},{""x"":-49.279763,""y"":-25.425671}]",5.79,238,"NONE","NONE",1122793114,"R. dos Presbíteros",1.6083333333333334,"[{""fromNode"":161147641,""ID"":158583624,""toNode"":161148102,""isForward"":true},{""fromNode"":161148102,""ID"":158584316,""toNode"":161148571,""isForward"":true}]",1,108,1543534325321,"Tv. Teixeira de Freitas",1122793114,1543534119417
1118508335,0,"BR","Curitiba",3,"[{""x"":-49.265377,""y"":-25.469202},{""x"":-49.26461,""y"":-25.46888},{""x"":-49.263737,""y"":-25.468527}]",5.279999999999999,181,"NONE","NONE",1118508335,"R. Maria Moscardi Fanini",1.4666666666666666,"[{""fromNode"":161152892,""ID"":158590933,""toNode"":161152999,""isForward"":false},{""fromNode"":161152999,""ID"":276198641,""toNode"":161153261,""isForward"":false}]",1,98,1543534327265,"R. Prof. Leônidas Ferreira da Costa",1118508335,1543534327265
1139310710,0,"BR","Curitiba",3,"[{""x"":-49.302773,""y"":-25.462311},{""x"":-49.30315,""y"":-25.461284},{""x"":-49.303512,""y"":-25.460246},{""x"":-49.303889,""y"":-25.459211},{""x"":-49.304215,""y"":-25.458296},{""x"":-49.304537,""y"":-25.457394},{""x"":-49.304856,""y"":-25.456504}]",12.59,677,"NONE","NONE",1139310710,"R. João Alencar Guimarães",3.4972222222222222,"[{""fromNode"":161142139,""ID"":158575224,""toNode"":161142029,""isForward"":false},{""fromNode"":161142029,""ID"":158575049,""toNode"":161141926,""isForward"":false},{""fromNode"":161141926,""ID"":158574865,""toNode"":161141797,""isForward"":false},{""fromNode"":161141797,""ID"":158574708,""toNode"":161141711,""isForward"":false},{""fromNode"":161141711,""ID"":158574548,""toNode"":161141632,""isForward"":false},{""fromNode"":161141632,""ID"":158574417,""toNode"":161141566,""isForward"":false}]",1,92,1543534323234,"R. Cel. Airton Plaisant",1139310710,1543534118440
1105368577,0,"BR","Curitiba",3,"[{""x"":-49.264999,""y"":-25.442408},{""x"":-49.264362,""y"":-25.443715},{""x"":-49.263735,""y"":-25.445046}]",7.950000000000001,318,"NONE","NONE",1105368577,"R. Brasílio Itiberê",2.2083333333333335,"[{""fromNode"":161152772,""ID"":158591093,""toNode"":161152985,""isForward"":true},{""fromNode"":161152985,""ID"":158591402,""toNode"":161153190,""isForward"":true}]",1,94,1543534326562,"R. Santo Antônio",1105368577,1543533723137
932756134,2,"BR","Curitiba",5,"[{""x"":-49.235603,""y"":-25.528545},{""x"":-49.235591,""y"":-25.528635},{""x"":-49.235616,""y"":-25.528777}]",0,26,"NONE","NONE",932756134,"R. Mathias de Andrade Rocha",0,"[{""fromNode"":161160410,""ID"":233366916,""toNode"":201514451,""isForward"":false}]",2,-1,1543534339414,"R. Mathias de Andrade Vieira",932756134,1543412706454
1119495403,0,"BR","Curitiba",3,"[{""x"":-49.281858,""y"":-25.462095},{""x"":-49.283034,""y"":-25.461655},{""x"":-49.283497,""y"":-25.461474},{""x"":-49.284203,""y"":-25.461227},{""x"":-49.285338,""y"":-25.460794},{""x"":-49.286499,""y"":-25.460358},{""x"":-49.287202,""y"":-25.460088},{""x"":-49.287654,""y"":-25.459924}]",6.17,631,"NONE","NONE",1119495403,"R. Guilherme Pugsley",1.7138888888888888,"[{""fromNode"":161147759,""ID"":158583112,""toNode"":161147423,""isForward"":false},{""fromNode"":161147423,""ID"":289928397,""toNode"":239280553,""isForward"":false},{""fromNode"":239280553,""ID"":289928396,""toNode"":161147114,""isForward"":false},{""fromNode"":161147114,""ID"":158582134,""toNode"":161146835,""isForward"":false},{""fromNode"":161146835,""ID"":158581719,""toNode"":161146658,""isForward"":false},{""fromNode"":161146658,""ID"":158581471,""toNode"":161146538,""isForward"":false},{""fromNode"":161146538,""ID"":158581342,""toNode"":161146539,""isForward"":false}]",1,263,1543534325588,"R. Palmeiras",1119495403,1543531765811
1116473876,0,"BR","Curitiba",3,"[{""x"":-49.286729,""y"":-25.440596},{""x"":-49.286512,""y"":-25.440402},{""x"":-49.285347,""y"":-25.439359},{""x"":-49.284064,""y"":-25.438214}]",6.62,377,"NONE","NONE",1116473876,"R. Cel. Dulcídio",1.8388888888888888,"[{""fromNode"":161146439,""ID"":314021090,""toNode"":254814682,""isForward"":false},{""fromNode"":254814682,""ID"":314021089,""toNode"":161146771,""isForward"":false},{""fromNode"":161146771,""ID"":158582120,""toNode"":161147102,""isForward"":false}]",1,100,1543534326761,"Al. D. Pedro II",1116473876,1543534120999
917842529,2,"BR","Curitiba",5,"[{""x"":-49.205354,""y"":-25.507178},{""x"":-49.205794,""y"":-25.506723},{""x"":-49.2065,""y"":-25.505956}]",0,178,"NONE","NONE",917842529,,0,"[{""fromNode"":227261179,""ID"":321972882,""toNode"":259844463,""isForward"":false}]",2,-1,1543534339094,"Av. Sen. Salgado Filho",917842529,1543375091148
1125054982,0,"BR","Curitiba",2,"[{""x"":-49.284023,""y"":-25.426944},{""x"":-49.28285,""y"":-25.42648},{""x"":-49.281198,""y"":-25.425807}]",8.29,311,"NONE","NONE",1125054982,"R. Visconde de Nácar",2.3027777777777776,"[{""fromNode"":161147164,""ID"":158582673,""toNode"":161147468,""isForward"":false},{""fromNode"":161147468,""ID"":200371250,""toNode"":182416303,""isForward"":false}]",1,83,1543534326734,"R. Pe. Anchieta",1125054982,1543534121220
893146850,2,"BR","Curitiba",5,"[{""x"":-49.212468,""y"":-25.445148},{""x"":-49.212197,""y"":-25.445884}]",0,86,"NONE","NONE",893146850,,0,"[{""fromNode"":161165350,""ID"":324647145,""toNode"":261539530,""isForward"":true}]",1,-1,1543534318735,"R. Natal",893146850,1543375166203
1134113840,0,"BR","Curitiba",3,"[{""x"":-49.279449,""y"":-25.4663},{""x"":-49.279026,""y"":-25.467232},{""x"":-49.278561,""y"":-25.468211},{""x"":-49.278115,""y"":-25.469191}]",4.880000000000001,348,"NONE","NONE",1134113840,"R. Rio Grande do Norte",1.3555555555555556,"[{""fromNode"":161148595,""ID"":158584653,""toNode"":161148598,""isForward"":true},{""fromNode"":161148598,""ID"":158584862,""toNode"":161148742,""isForward"":true},{""fromNode"":161148742,""ID"":158585050,""toNode"":161148885,""isForward"":true}]",1,191,1543534325825,"R. Eugênio José de Souza",1134113840,1543529881325
893141970,2,"BR","Curitiba",5,"[{""x"":-49.222521,""y"":-25.415581},{""x"":-49.221799,""y"":-25.41532}]",0,78,"NONE","NONE",893141970,"R. Fúlvio José Alice",0,"[{""fromNode"":282183030,""ID"":158606251,""toNode"":161163220,""isForward"":true}]",2,-1,1543534340100,"R. Santa Madalena Sofia Barat",893141970,1543375090560
1163954099,0,"BR","Curitiba",2,"[{""x"":-49.28579,""y"":-25.464906},{""x"":-49.286943,""y"":-25.464475},{""x"":-49.288093,""y"":-25.464027},{""x"":-49.289377,""y"":-25.463544}]",9.250000000000002,391,"NONE","NONE",1163954099,"R. Guilherme Pugsley",2.5694444444444446,"[{""fromNode"":161146726,""ID"":158581565,""toNode"":161146486,""isForward"":false},{""fromNode"":161146486,""ID"":158581192,""toNode"":161146211,""isForward"":false},{""fromNode"":161146211,""ID"":332244953,""toNode"":161145925,""isForward"":true}]",1,85,1543534326599,"R. Mato Grosso",1163954099,1543534120874
892526268,2,"BR","São José dos Pinhais",5,"[{""x"":-49.167816,""y"":-25.522678},{""x"":-49.163186,""y"":-25.526385},{""x"":-49.163009,""y"":-25.526487},{""x"":-49.162741,""y"":-25.526534},{""x"":-49.160049,""y"":-25.526539},{""x"":-49.159911,""y"":-25.526556},{""x"":-49.15975,""y"":-25.526605},{""x"":-49.158003,""y"":-25.528003},{""x"":-49.157758,""y"":-25.528166}]",0,1235,"NONE","NONE",892526268,"R. Mariano Skakuy",0,"[{""fromNode"":204051418,""ID"":158624467,""toNode"":161175381,""isForward"":false}]",1,-1,1543534335605,"R. Fiscal Machado",892526268,1543375096564
1118378395,0,"BR","Curitiba",2,"[{""x"":-49.236449,""y"":-25.424179},{""x"":-49.235708,""y"":-25.425753},{""x"":-49.235074,""y"":-25.427108},{""x"":-49.234746,""y"":-25.427805}]",10.53,437,"NONE","NONE",1118378395,"Av. Victor Ferreira do Amaral",2.925,"[{""fromNode"":161160121,""ID"":158602026,""toNode"":161160287,""isForward"":true},{""fromNode"":161160287,""ID"":158602239,""toNode"":161160426,""isForward"":true},{""fromNode"":161160426,""ID"":158602410,""toNode"":161160061,""isForward"":true}]",1,61,1543534329835,"R. Dr. João E. Espíndola",1118378395,1543534123948
1124286702,0,"BR","Curitiba",2,"[{""x"":-49.290282,""y"":-25.461988},{""x"":-49.290737,""y"":-25.463016},{""x"":-49.291087,""y"":-25.463924},{""x"":-49.291175,""y"":-25.464149},{""x"":-49.291221,""y"":-25.464269},{""x"":-49.291726,""y"":-25.465641},{""x"":-49.291799,""y"":-25.465786},{""x"":-49.291884,""y"":-25.465918},{""x"":-49.292152,""y"":-25.466257}]",14.590000000000002,511,"NONE","NONE",1124286702,"R. Cecílio Toniolo",4.052777777777778,"[{""fromNode"":161145774,""ID"":158580286,""toNode"":161145726,""isForward"":true},{""fromNode"":161145726,""ID"":323868806,""toNode"":261051894,""isForward"":false},{""fromNode"":261051894,""ID"":323868805,""toNode"":261051892,""isForward"":false},{""fromNode"":261051892,""ID"":323868800,""toNode"":161145536,""isForward"":false},{""fromNode"":161145536,""ID"":292412260,""toNode"":161145379,""isForward"":false}]",2,64,1543534323843,"Av. República Argentina",1124286702,1543533417008
878729852,2,"BR","Curitiba",5,"[{""x"":-49.212197,""y"":-25.445884},{""x"":-49.212468,""y"":-25.445148}]",0,86,"NONE","NONE",878729852,"R. Raymundo Nina Rodrigues",0,"[{""fromNode"":261539530,""ID"":324647145,""toNode"":161165350,""isForward"":false}]",1,-1,1543534325801,"R. Natal",878729852,1543375169237
1136246961,0,"BR","Curitiba",3,"[{""x"":-49.262074,""y"":-25.439465},{""x"":-49.261408,""y"":-25.44085},{""x"":-49.261333,""y"":-25.441},{""x"":-49.260666,""y"":-25.442295}]",9.9,343,"NONE","NONE",1136246961,"R. Engenheiros Rebouças",2.75,"[{""fromNode"":161153789,""ID"":253590401,""toNode"":165078262,""isForward"":false},{""fromNode"":165078262,""ID"":167604690,""toNode"":161153878,""isForward"":true},{""fromNode"":161153878,""ID"":158592808,""toNode"":161154060,""isForward"":true}]",2,75,1543534326301,"R. João Negrão",1136246961,1543534326298
878729562,2,"BR","Curitiba",5,"[{""x"":-49.222094,""y"":-25.414623},{""x"":-49.221799,""y"":-25.41532}]",0,83,"NONE","NONE",878729562,"R. Santa Madalena Sofia Barat",0,"[{""fromNode"":282183028,""ID"":158606240,""toNode"":161163220,""isForward"":true}]",1,-1,1543534337929,"R. Fúlvio José Alice",878729562,1543375169033
1125055392,0,"BR","Curitiba",3,"[{""x"":-49.272364,""y"":-25.459222},{""x"":-49.272956,""y"":-25.458999},{""x"":-49.274291,""y"":-25.458476},{""x"":-49.275,""y"":-25.458217},{""x"":-49.275623,""y"":-25.457979}]",7.71,355,"NONE","NONE",1125055392,"R. Santo Amaro",2.1416666666666666,"[{""fromNode"":161150757,""ID"":158587577,""toNode"":161150343,""isForward"":false},{""fromNode"":161150343,""ID"":158586960,""toNode"":161150142,""isForward"":false},{""fromNode"":161150142,""ID"":158586652,""toNode"":161149936,""isForward"":false},{""fromNode"":161149936,""ID"":158586346,""toNode"":161149542,""isForward"":false}]",1,113,1543534327326,"R. João Antônio Xavier",1125055392,1543534121634
876644584,2,"BR","Curitiba",5,"[{""x"":-49.2065,""y"":-25.505956},{""x"":-49.207046,""y"":-25.505361}]",0,86,"NONE","NONE",876644584,,0,"[{""fromNode"":259844463,""ID"":321972881,""toNode"":241042641,""isForward"":false}]",2,-1,1543534332733,"Av. Sen. Salgado Filho",876644584,1543375094043
1121750193,0,"BR","Curitiba",3,"[{""x"":-49.253841,""y"":-25.444191},{""x"":-49.253147,""y"":-25.445714},{""x"":-49.252458,""y"":-25.447211},{""x"":-49.252183,""y"":-25.447823}]",10.9,436,"NONE","NONE",1121750193,"R. Guabirotuba",3.0277777777777777,"[{""fromNode"":161155900,""ID"":158595783,""toNode"":161156092,""isForward"":true},{""fromNode"":161156092,""ID"":317747193,""toNode"":257188495,""isForward"":true},{""fromNode"":257188495,""ID"":317747202,""toNode"":161156312,""isForward"":true}]",1,90,1543534327807,"R. Felipe Camarão",1121750193,1543533419184
870011586,2,"BR","Curitiba",5,"[{""x"":-49.221799,""y"":-25.41532},{""x"":-49.222094,""y"":-25.414623}]",0,83,"NONE","NONE",870011586,,0,"[{""fromNode"":161163220,""ID"":158606240,""toNode"":282183028,""isForward"":false}]",1,-1,1543534339801,"R. Fúlvio José Alice",870011586,1543375171165
1122212933,0,"BR","Curitiba",3,"[{""x"":-49.25032,""y"":-25.475308},{""x"":-49.249756,""y"":-25.476461},{""x"":-49.249259,""y"":-25.477473},{""x"":-49.248736,""y"":-25.478589},{""x"":-49.248091,""y"":-25.479882},{""x"":-49.247752,""y"":-25.480606},{""x"":-49.247535,""y"":-25.481032}]",17.880000000000003,693,"NONE","NONE",1122212933,"R. Alcino Guanabara",4.966666666666667,"[{""fromNode"":259589429,""ID"":321579507,""toNode"":259589346,""isForward"":false},{""fromNode"":259589346,""ID"":321579358,""toNode"":259589259,""isForward"":false},{""fromNode"":259589259,""ID"":321579196,""toNode"":161157642,""isForward"":false}]",1,62,1543534324299,"Via Exclusiva de Ônibus",1122212933,1543533821154
870004026,2,"BR","São José dos Pinhais",5,"[{""x"":-49.157758,""y"":-25.528166},{""x"":-49.158003,""y"":-25.528003},{""x"":-49.15975,""y"":-25.526605},{""x"":-49.159911,""y"":-25.526556},{""x"":-49.160049,""y"":-25.526539},{""x"":-49.162741,""y"":-25.526534},{""x"":-49.163009,""y"":-25.526487},{""x"":-49.163186,""y"":-25.526385},{""x"":-49.167816,""y"":-25.522678}]",0,1235,"NONE","NONE",870004026,"R. Mal. Hermes",0,"[{""fromNode"":161175381,""ID"":158624467,""toNode"":204051418,""isForward"":true}]",1,-1,1543534329688,"R. Fiscal Machado",870004026,1543375093418
1102258027,0,"BR","Curitiba",2,"[{""x"":-49.24476,""y"":-25.427339},{""x"":-49.243526,""y"":-25.426916},{""x"":-49.242431,""y"":-25.426532}]",7.16,251,"NONE","NONE",1102258027,"Av. Nossa Sra. da Luz",1.988888888888889,"[{""fromNode"":165297633,""ID"":168154838,""toNode"":161158447,""isForward"":false},{""fromNode"":161158447,""ID"":197648988,""toNode"":161158724,""isForward"":false}]",1,70,1543534329784,"Av. Visc. de Guarapuava",1102258027,1543531254073
1163191079,0,"BR","Curitiba",1,"[{""x"":-49.252623,""y"":-25.481714},{""x"":-49.252065,""y"":-25.482866},{""x"":-49.251183,""y"":-25.484676},{""x"":-49.250295,""y"":-25.486514}]",14.89,580,"NONE","NONE",1163191079,"R. Irmã Flávia Borlet",4.136111111111111,"[{""fromNode"":161156174,""ID"":158596233,""toNode"":161156296,""isForward"":true},{""fromNode"":161156296,""ID"":158596479,""toNode"":161156532,""isForward"":true},{""fromNode"":161156532,""ID"":158596800,""toNode"":161156747,""isForward"":true}]",1,65,1543534328839,"R. Isaías Régis de Miranda",1163191079,1543533420095
859523227,2,"BR","São José dos Pinhais",5,"[{""x"":-49.20471,""y"":-25.50814},{""x"":-49.204792,""y"":-25.507973},{""x"":-49.205354,""y"":-25.507178}]",0,125,"NONE","NONE",859523227,"Av. Sen. Salgado Filho",0,"[{""fromNode"":259845320,""ID"":321974304,""toNode"":227261179,""isForward"":true}]",2,-1,1543534329285,"R. Joaquim Nabuco",859523227,1543375092458
1122936964,0,"BR","Curitiba",3,"[{""x"":-49.251398,""y"":-25.478485},{""x"":-49.252578,""y"":-25.478945},{""x"":-49.253758,""y"":-25.479432},{""x"":-49.254895,""y"":-25.479909}]",5.41,385,"NONE","NONE",1122936964,"R. Prof. João Soares Barcelos",1.5027777777777778,"[{""fromNode"":161156479,""ID"":158596273,""toNode"":161156176,""isForward"":true},{""fromNode"":161156176,""ID"":158595808,""toNode"":161155878,""isForward"":true},{""fromNode"":161155878,""ID"":158595364,""toNode"":161155569,""isForward"":true}]",1,205,1543534328353,"R. São Bento",1122936964,1543534122751
1164096489,0,"BR","Curitiba",2,"[{""x"":-49.253644,""y"":-25.426695},{""x"":-49.255083,""y"":-25.426593},{""x"":-49.256114,""y"":-25.426515},{""x"":-49.257489,""y"":-25.4264},{""x"":-49.258991,""y"":-25.426271},{""x"":-49.259152,""y"":-25.426298},{""x"":-49.261189,""y"":-25.427125},{""x"":-49.262152,""y"":-25.427497}]",18.01,885,"NONE","NONE",1164096489,"R. Mariano Torres - Pista Dir.",5.002777777777778,"[{""fromNode"":161155829,""ID"":276163457,""toNode"":161155565,""isForward"":false},{""fromNode"":161155565,""ID"":158594888,""toNode"":161155252,""isForward"":true},{""fromNode"":161155252,""ID"":254974882,""toNode"":161154790,""isForward"":false},{""fromNode"":161154790,""ID"":158593715,""toNode"":161154257,""isForward"":true},{""fromNode"":161154257,""ID"":158592890,""toNode"":161154007,""isForward"":true},{""fromNode"":161154007,""ID"":158592485,""toNode"":161153790,""isForward"":true}]",2,69,1543534328834,"R. 15 de Novembro",1164096489,1543534122648
1122663473,0,"BR","Curitiba",3,"[{""x"":-49.236371,""y"":-25.466467},{""x"":-49.237729,""y"":-25.467314},{""x"":-49.238775,""y"":-25.467966},{""x"":-49.239015,""y"":-25.468109},{""x"":-49.239333,""y"":-25.4683}]",7.930000000000001,361,"NONE","NONE",1122663473,"Av. Sen. Salgado Filho",2.202777777777778,"[{""fromNode"":161159627,""ID"":249271434,""toNode"":211679297,""isForward"":true},{""fromNode"":211679297,""ID"":249271435,""toNode"":187166746,""isForward"":true},{""fromNode"":187166746,""ID"":324672086,""toNode"":261554725,""isForward"":true},{""fromNode"":261554725,""ID"":324672094,""toNode"":261554730,""isForward"":true}]",2,85,1543534333780,"R. Min. Gabriel Passos",1122663473,1543534127295
731461189,2,"BR","Curitiba",5,"[{""x"":-49.21968,""y"":-25.416119},{""x"":-49.220324,""y"":-25.414756}]",0,164,"NONE","NONE",731461189,"R. Santa Madalena Sofia Barat",0,"[{""fromNode"":161163604,""ID"":158606812,""toNode"":161163299,""isForward"":false}]",2,-1,1543534329764,"R. José Zgoda",731461189,1543242447403
1136250151,0,"BR","Curitiba",2,"[{""x"":-49.238847,""y"":-25.478964},{""x"":-49.23738,""y"":-25.477912}]",5.24,188,"NONE","NONE",1136250151,"R. Simone Dal Toso",1.4555555555555555,"[{""fromNode"":161159648,""ID"":158601212,""toNode"":161159824,""isForward"":false}]",1,82,1543534329082,"R. Isac de Oliveira",1136250151,1543534329081
683658466,2,"BR","Curitiba",5,"[{""x"":-49.220324,""y"":-25.414756},{""x"":-49.21968,""y"":-25.416119}]",0,164,"NONE","NONE",683658466,"R. Aníbal Goulart Maia Filho",0,"[{""fromNode"":161163299,""ID"":158606812,""toNode"":161163604,""isForward"":true}]",2,-1,1543534329889,"R. José Zgoda",683658466,1543242352190
1164097329,0,"BR","Curitiba",3,"[{""x"":-49.247267,""y"":-25.423483},{""x"":-49.247391,""y"":-25.424444},{""x"":-49.247563,""y"":-25.426088},{""x"":-49.247677,""y"":-25.42724},{""x"":-49.24775,""y"":-25.427871},{""x"":-49.247813,""y"":-25.428648},{""x"":-49.247828,""y"":-25.428805}]",8.67,592,"NONE","NONE",1164097329,"R. Reinaldino Schaffemberg de Quadros",2.408333333333333,"[{""fromNode"":161157825,""ID"":158598292,""toNode"":161157677,""isForward"":false},{""fromNode"":161157677,""ID"":158598241,""toNode"":161157562,""isForward"":false},{""fromNode"":161157562,""ID"":158598198,""toNode"":161157527,""isForward"":false},{""fromNode"":161157527,""ID"":158598170,""toNode"":161157517,""isForward"":false},{""fromNode"":161157517,""ID"":158598140,""toNode"":161157724,""isForward"":false},{""fromNode"":161157724,""ID"":158598136,""toNode"":161157381,""isForward"":false}]",1,132,1543534329136,"R. Camões",1164097329,1543534123368
1105752237,0,"BR","Curitiba",3,"[{""x"":-49.250624,""y"":-25.463333},{""x"":-49.248637,""y"":-25.464164},{""x"":-49.248345,""y"":-25.464285},{""x"":-49.248077,""y"":-25.464396},{""x"":-49.247844,""y"":-25.464492},{""x"":-49.247784,""y"":-25.464517},{""x"":-49.246841,""y"":-25.464917},{""x"":-49.246729,""y"":-25.464936}]",9.49,431,"NONE","NONE",1105752237,"R. Edgard Degas",2.636111111111111,"[{""fromNode"":161156932,""ID"":186864310,""toNode"":161157196,""isForward"":false},{""fromNode"":161157196,""ID"":344533552,""toNode"":273918957,""isForward"":true},{""fromNode"":273918957,""ID"":344533555,""toNode"":273918959,""isForward"":true},{""fromNode"":273918959,""ID"":344533561,""toNode"":273918963,""isForward"":true},{""fromNode"":273918963,""ID"":344533562,""toNode"":161157341,""isForward"":true},{""fromNode"":161157341,""ID"":276699476,""toNode"":161157463,""isForward"":false},{""fromNode"":161157463,""ID"":158598477,""toNode"":161157950,""isForward"":true}]",1,69,1543534324273,"R. Cap. João Ribas de Oliveira",1105752237,1543534119261
683424396,2,"BR","Curitiba",5,"[{""x"":-49.222271,""y"":-25.415021},{""x"":-49.222094,""y"":-25.414623}]",0,47,"NONE","NONE",683424396,"R. Fúlvio José Alice",0,"[{""fromNode"":283316489,""ID"":359268089,""toNode"":282183028,""isForward"":true}]",2,-1,1543534339178,,683424396,1543242263921
1123395372,0,"BR","Curitiba",4,"[{""x"":-49.253919,""y"":-25.46357},{""x"":-49.252303,""y"":-25.464075},{""x"":-49.252205,""y"":-25.464106},{""x"":-49.25196,""y"":-25.464183}]",4.46,208,"NONE","NONE",1123395372,"Marg. Linha Verde",1.238888888888889,"[{""fromNode"":161155813,""ID"":342722495,""toNode"":272756134,""isForward"":true},{""fromNode"":272756134,""ID"":342722518,""toNode"":272756145,""isForward"":true},{""fromNode"":272756145,""ID"":342722517,""toNode"":161156150,""isForward"":true}]",1,145,1543534324108,"R. Wilson Feijó",1123395372,1543532709427
1118376635,0,"BR","Curitiba",4,"[{""x"":-49.253983,""y"":-25.414412},{""x"":-49.255334,""y"":-25.413422},{""x"":-49.25544,""y"":-25.413341},{""x"":-49.256678,""y"":-25.412473},{""x"":-49.256785,""y"":-25.412398}]",7.21,360,"NONE","NONE",1118376635,"R. Nicolau Maeder",2.0027777777777778,"[{""fromNode"":161155680,""ID"":158595208,""toNode"":161155651,""isForward"":true},{""fromNode"":161155651,""ID"":158595149,""toNode"":161155313,""isForward"":true},{""fromNode"":161155313,""ID"":237867636,""toNode"":188592573,""isForward"":true},{""fromNode"":188592573,""ID"":213018101,""toNode"":161155217,""isForward"":true}]",1,120,1543534328211,"R. Manoel Eufrásio",1118376635,1543534122653
1122938204,0,"BR","Curitiba",3,"[{""x"":-49.221541,""y"":-25.44824},{""x"":-49.221862,""y"":-25.448816},{""x"":-49.222042,""y"":-25.449127},{""x"":-49.22234,""y"":-25.449622},{""x"":-49.222573,""y"":-25.450059},{""x"":-49.222885,""y"":-25.450654}]",5.82,301,"NONE","NONE",1122938204,"R. Madureira",1.6166666666666667,"[{""fromNode"":161163227,""ID"":158606344,""toNode"":161163240,""isForward"":false},{""fromNode"":161163240,""ID"":158606272,""toNode"":161162967,""isForward"":false},{""fromNode"":161162967,""ID"":158606209,""toNode"":161162915,""isForward"":false},{""fromNode"":161162915,""ID"":158606128,""toNode"":161162858,""isForward"":false},{""fromNode"":161162858,""ID"":158606039,""toNode"":161162829,""isForward"":false}]",1,134,1543534329503,"R. Dr. Estevam Ribeiro de Souza Netto",1122938204,1543534123733
318768892,2,"BR","Curitiba",5,"[{""x"":-49.221799,""y"":-25.41532},{""x"":-49.222521,""y"":-25.415581}]",0,78,"NONE","NONE",318768892,"Marg. Av. Linha Verde",0,"[{""fromNode"":161163220,""ID"":158606251,""toNode"":282183030,""isForward"":false}]",2,-1,1543534342231,"R. Santa Madalena Sofia Barat",318768892,1542942840936
1164206839,0,"BR","Curitiba",2,"[{""x"":-49.208602,""y"":-25.399362},{""x"":-49.207971,""y"":-25.400689},{""x"":-49.207354,""y"":-25.402014},{""x"":-49.206741,""y"":-25.403335},{""x"":-49.206116,""y"":-25.404665},{""x"":-49.205484,""y"":-25.405984}]",8.430000000000001,797,"NONE","NONE",1164206839,"Av. da Integração",2.341666666666667,"[{""fromNode"":161166156,""ID"":158610832,""toNode"":161166341,""isForward"":true},{""fromNode"":161166341,""ID"":158611062,""toNode"":161166481,""isForward"":true},{""fromNode"":161166481,""ID"":158611318,""toNode"":161166647,""isForward"":true},{""fromNode"":161166647,""ID"":158611567,""toNode"":161166806,""isForward"":true},{""fromNode"":161166806,""ID"":158611789,""toNode"":161166962,""isForward"":true}]",1,68,1543534331885,"R. Sebastião Alves Ferreira",1164206839,1543534228109
1164112459,0,"BR","Curitiba",4,"[{""x"":-49.345445,""y"":-25.483888},{""x"":-49.345627,""y"":-25.483198},{""x"":-49.345791,""y"":-25.482636},{""x"":-49.345987,""y"":-25.482005}]",4.21,216,"NONE","NONE",1164112459,"R. Alfredo Pujol",1.1694444444444445,"[{""fromNode"":161129846,""ID"":158558191,""toNode"":161129821,""isForward"":true},{""fromNode"":161129821,""ID"":158558137,""toNode"":161129797,""isForward"":true},{""fromNode"":161129797,""ID"":158558078,""toNode"":161129731,""isForward"":true}]",1,141,1543534343003,"R. Darci Vargas",1164112459,1543534135761
1164098459,0,"BR","Curitiba",2,"[{""x"":-49.22554,""y"":-25.381952},{""x"":-49.22469,""y"":-25.382907},{""x"":-49.223832,""y"":-25.383879},{""x"":-49.222984,""y"":-25.384807},{""x"":-49.222311,""y"":-25.385565},{""x"":-49.222083,""y"":-25.385832},{""x"":-49.221539,""y"":-25.386468},{""x"":-49.221416,""y"":-25.386603}]",14.690000000000001,661,"NONE","NONE",1164098459,,4.080555555555556,"[{""fromNode"":161162388,""ID"":158605304,""toNode"":161162559,""isForward"":false},{""fromNode"":161162559,""ID"":158605521,""toNode"":161162721,""isForward"":false},{""fromNode"":161162721,""ID"":158605779,""toNode"":161162899,""isForward"":false},{""fromNode"":161162899,""ID"":277544069,""toNode"":161163010,""isForward"":false},{""fromNode"":161163010,""ID"":158606210,""toNode"":161163197,""isForward"":false},{""fromNode"":161163197,""ID"":158606270,""toNode"":161163176,""isForward"":false},{""fromNode"":161163176,""ID"":251337445,""toNode"":212950074,""isForward"":false}]",1,83,1543534330883,"R. Brasílio Bacellar Filho",1164098459,1543534124077
1163955149,0,"BR","Curitiba",3,"[{""x"":-49.268546,""y"":-25.528941},{""x"":-49.268349,""y"":-25.529404},{""x"":-49.268155,""y"":-25.529863},{""x"":-49.267966,""y"":-25.530295},{""x"":-49.267789,""y"":-25.530734},{""x"":-49.267648,""y"":-25.531075},{""x"":-49.267623,""y"":-25.531211},{""x"":-49.267595,""y"":-25.531325},{""x"":-49.267213,""y"":-25.532182},{""x"":-49.26715,""y"":-25.532326},{""x"":-49.266487,""y"":-25.53372}]",11.110000000000001,568,"NONE","NONE",1163955149,"R. dos Pioneiros",3.0861111111111112,"[{""fromNode"":161151360,""ID"":158589580,""toNode"":161152018,""isForward"":true},{""fromNode"":161152018,""ID"":158589661,""toNode"":161152150,""isForward"":true},{""fromNode"":161152150,""ID"":158589744,""toNode"":161152205,""isForward"":true},{""fromNode"":161152205,""ID"":158589792,""toNode"":161152236,""isForward"":true},{""fromNode"":161152236,""ID"":158589872,""toNode"":161152214,""isForward"":true},{""fromNode"":161152214,""ID"":158589935,""toNode"":161152330,""isForward"":true},{""fromNode"":161152330,""ID"":188611619,""toNode"":176264702,""isForward"":true},{""fromNode"":176264702,""ID"":188611620,""toNode"":161152596,""isForward"":true}]",2,88,1543534326991,"R. Dr. Levy Buquéra",1163955149,1543534121640
1163855919,0,"BR","Pinhais",3,"[{""x"":-49.163417,""y"":-25.442908},{""x"":-49.163691,""y"":-25.443613},{""x"":-49.163983,""y"":-25.444303},{""x"":-49.164259,""y"":-25.445}]",6.66,247,"NONE","NONE",1163855919,"R. Leila Diniz",1.85,"[{""fromNode"":161175993,""ID"":158625406,""toNode"":161175719,""isForward"":true},{""fromNode"":161175719,""ID"":158625346,""toNode"":161175680,""isForward"":true},{""fromNode"":161175680,""ID"":158625280,""toNode"":161175644,""isForward"":true}]",1,88,1543534333406,"R. João Mendes Batista",1163855919,1543534027431
1163642849,0,"BR","Araucária",2,"[{""x"":-49.345315,""y"":-25.528729},{""x"":-49.345659,""y"":-25.528477},{""x"":-49.348109,""y"":-25.527395},{""x"":-49.350528,""y"":-25.526303},{""x"":-49.350614,""y"":-25.526282}]",15.87,599,"NONE","NONE",1163642849,"R. Helena Gembaroski",4.408333333333333,"[{""fromNode"":161128640,""ID"":158556831,""toNode"":222739742,""isForward"":true}]",1,81,1543534339197,"R. Albino Ferreira",1163642849,1543533733605
1157614049,0,"BR","Curitiba",3,"[{""x"":-49.298961,""y"":-25.516919},{""x"":-49.297205,""y"":-25.516888},{""x"":-49.295678,""y"":-25.516849}]",5.07,331,"NONE","NONE",1157614049,"Av. Winston Churchill",1.4083333333333334,"[{""fromNode"":161143149,""ID"":158577039,""toNode"":161143677,""isForward"":false},{""fromNode"":161143677,""ID"":158577806,""toNode"":161144207,""isForward"":false}]",1,173,1543534325843,"R. Olindo Sequinel",1157614049,1543529034771
1139591330,0,"BR","Curitiba",1,"[{""x"":-49.200549,""y"":-25.443067},{""x"":-49.20276,""y"":-25.443127},{""x"":-49.203483,""y"":-25.443122},{""x"":-49.206203,""y"":-25.443009},{""x"":-49.206546,""y"":-25.44302},{""x"":-49.206848,""y"":-25.443067},{""x"":-49.207751,""y"":-25.443351},{""x"":-49.208221,""y"":-25.443461}]",18.77,780,"NONE","NONE",1139591330,"R. Del. Leopoldo Belczak",5.213888888888889,"[{""fromNode"":161167042,""ID"":158611723,""toNode"":161166961,""isForward"":false},{""fromNode"":161166961,""ID"":158611610,""toNode"":161166632,""isForward"":false},{""fromNode"":161166632,""ID"":158611119,""toNode"":161166541,""isForward"":false},{""fromNode"":161166541,""ID"":158610989,""toNode"":161166477,""isForward"":true}]",2,67,1543534330266,"Av. Pres. Affonso Camargo",1139591330,1543534330261
1139315790,0,"BR","Curitiba",3,"[{""x"":-49.262425,""y"":-25.396189},{""x"":-49.262114,""y"":-25.396201},{""x"":-49.261323,""y"":-25.396102},{""x"":-49.259336,""y"":-25.396112},{""x"":-49.258351,""y"":-25.396134},{""x"":-49.256813,""y"":-25.396133}]",8.450000000000001,566,"NONE","NONE",1139315790,"Av. Anita Garibaldi",2.3472222222222223,"[{""fromNode"":161153843,""ID"":158592367,""toNode"":161153931,""isForward"":false},{""fromNode"":161153931,""ID"":158592833,""toNode"":161154218,""isForward"":false},{""fromNode"":161154218,""ID"":158593664,""toNode"":161154759,""isForward"":false},{""fromNode"":161154759,""ID"":158594088,""toNode"":161155039,""isForward"":false}]",1,116,1543534328782,"R. Manoel Padilha de Lima",1139315790,1543534122333
1139307630,0,"BR","Curitiba",3,"[{""x"":-49.336348,""y"":-25.384058},{""x"":-49.336788,""y"":-25.385921},{""x"":-49.336987,""y"":-25.386839}]",8.59,315,"NONE","NONE",1139307630,"R. João Darif",2.386111111111111,"[{""fromNode"":161132073,""ID"":269991703,""toNode"":161132106,""isForward"":true},{""fromNode"":161132106,""ID"":269991552,""toNode"":161132520,""isForward"":false}]",1,90,1543534319534,"R. Gerônimo Muraro",1139307630,1543534115952
1138831518,0,"BR","Curitiba",2,"[{""x"":-49.344575,""y"":-25.45217},{""x"":-49.350732,""y"":-25.451432}]",16.05,625,"NONE","NONE",1138831518,"R. João Dembinski",4.458333333333333,"[{""fromNode"":161129677,""ID"":277261909,""toNode"":161128963,""isForward"":true}]",1,70,1543534342805,"R. Ângelo Rossa",1138831518,1543534135026
1138823868,0,"BR","Curitiba",3,"[{""x"":-49.357235,""y"":-25.45589},{""x"":-49.357775,""y"":-25.456034},{""x"":-49.358314,""y"":-25.456214},{""x"":-49.359926,""y"":-25.456753}]",7.06,288,"NONE","NONE",1138823868,"Av. Juscelino Kubitschek de Oliveira",1.961111111111111,"[{""fromNode"":205749938,""ID"":158555127,""toNode"":161127717,""isForward"":true},{""fromNode"":161127717,""ID"":328316751,""toNode"":263770195,""isForward"":true},{""fromNode"":263770195,""ID"":328316753,""toNode"":223850825,""isForward"":true}]",1,97,1543534336403,"R. Maria Homan Wisniewski",1138823868,1543534127928
1138820548,0,"BR","São José dos Pinhais",3,"[{""x"":-49.184726,""y"":-25.533887},{""x"":-49.183309,""y"":-25.534247},{""x"":-49.181657,""y"":-25.53472}]",9.47,322,"NONE","NONE",1138820548,"Tv. Guaporé",2.6305555555555555,"[{""fromNode"":161171945,""ID"":158619453,""toNode"":161172088,""isForward"":true},{""fromNode"":161172088,""ID"":158619874,""toNode"":161172357,""isForward"":true}]",2,62,1543534332364,"R. Maceió",1138820548,1543534125594
1138818308,0,"BR","Curitiba",2,"[{""x"":-49.203598,""y"":-25.398979},{""x"":-49.204684,""y"":-25.399405},{""x"":-49.205808,""y"":-25.399833},{""x"":-49.20689,""y"":-25.400254},{""x"":-49.207971,""y"":-25.400689}]",12.2,479,"NONE","NONE",1138818308,"R. Sebastião Alves Ferreira",3.388888888888889,"[{""fromNode"":161167413,""ID"":158612299,""toNode"":161167146,""isForward"":false},{""fromNode"":161167146,""ID"":158611889,""toNode"":161166889,""isForward"":false},{""fromNode"":161166889,""ID"":158611501,""toNode"":161166594,""isForward"":false},{""fromNode"":161166594,""ID"":158611063,""toNode"":161166341,""isForward"":false}]",1,61,1543534330272,"R. Rio Jaguaribe",1138818308,1543534124256
1138818188,0,"BR","Curitiba",3,"[{""x"":-49.20813,""y"":-25.460258},{""x"":-49.207832,""y"":-25.46103},{""x"":-49.20725,""y"":-25.462569}]",7.8,271,"NONE","NONE",1138818188,"R. Sebastião Marcos Luiz",2.1666666666666665,"[{""fromNode"":161166494,""ID"":158611004,""toNode"":161166363,""isForward"":true},{""fromNode"":161166363,""ID"":158611117,""toNode"":161166503,""isForward"":true}]",1,81,1543534330187,"R. Maceió",1138818188,1543534124184
1138667988,0,"BR","Curitiba",3,"[{""x"":-49.338389,""y"":-25.454583},{""x"":-49.338096,""y"":-25.454119},{""x"":-49.336868,""y"":-25.451905},{""x"":-49.336486,""y"":-25.451288},{""x"":-49.336212,""y"":-25.450967},{""x"":-49.335023,""y"":-25.449812}]",12,632,"NONE","NONE",1138667988,"R. Eduardo Sprada",3.3333333333333335,"[{""fromNode"":255742922,""ID"":315524137,""toNode"":161131356,""isForward"":true},{""fromNode"":161131356,""ID"":300984319,""toNode"":246348085,""isForward"":false},{""fromNode"":246348085,""ID"":300984296,""toNode"":161132198,""isForward"":false},{""fromNode"":161132198,""ID"":277261656,""toNode"":161133175,""isForward"":true}]",1,128,1543534320043,"R. Pe. José Kentenich",1138667988,1543534116308
1136123291,0,"BR","São José dos Pinhais",4,"[{""x"":-49.164983,""y"":-25.517641},{""x"":-49.164458,""y"":-25.517094},{""x"":-49.163934,""y"":-25.516532}]",2.0100000000000002,162,"NONE","NONE",1136123291,"R. Sen. Darci Ribeiro",0.5583333333333333,"[{""fromNode"":161175592,""ID"":158625099,""toNode"":161175671,""isForward"":false},{""fromNode"":161175671,""ID"":158625221,""toNode"":161175746,""isForward"":false}]",1,261,1543534335169,"R. Paulo Marcelo Pereira",1136123291,1543534127204
1136122161,0,"BR","Pinhais",3,"[{""x"":-49.185465,""y"":-25.440716},{""x"":-49.186176,""y"":-25.440575},{""x"":-49.187297,""y"":-25.440481}]",4.359999999999999,186,"NONE","NONE",1136122161,"Av. Camilo di Lellis",1.211111111111111,"[{""fromNode"":161171824,""ID"":158619051,""toNode"":161171614,""isForward"":false},{""fromNode"":161171614,""ID"":158618716,""toNode"":161171522,""isForward"":false}]",1,120,1543534334375,"R. América do Norte",1136122161,1543534126521
1136121861,0,"BR","Curitiba",2,"[{""x"":-49.201108,""y"":-25.41527},{""x"":-49.200479,""y"":-25.41661},{""x"":-49.199826,""y"":-25.417938},{""x"":-49.1992,""y"":-25.419269}]",13.33,482,"NONE","NONE",1136121861,"R. Mercedes Stresser",3.702777777777778,"[{""fromNode"":161168074,""ID"":158613757,""toNode"":161168242,""isForward"":true},{""fromNode"":161168242,""ID"":158614031,""toNode"":161168523,""isForward"":true},{""fromNode"":161168523,""ID"":158614308,""toNode"":161168579,""isForward"":true}]",1,77,1543534333062,"R. Sebastião Alves Ferreira",1136121861,1543534126338
1136118721,0,"BR","Colombo",3,"[{""x"":-49.21631,""y"":-25.344783},{""x"":-49.217479,""y"":-25.344407},{""x"":-49.217561,""y"":-25.344352},{""x"":-49.217758,""y"":-25.344109},{""x"":-49.217868,""y"":-25.344047},{""x"":-49.217983,""y"":-25.344024},{""x"":-49.218199,""y"":-25.34406},{""x"":-49.218666,""y"":-25.344162},{""x"":-49.218851,""y"":-25.34424}]",6.09,284,"NONE","NONE",1136118721,"PR-417 Rod. Mauro Bernardo Camargo",1.6916666666666667,"[{""fromNode"":161163951,""ID"":158607287,""toNode"":161163571,""isForward"":false}]",1,110,1543534330048,"R. Manoel de Souza",1136118721,1543534124207
1118376405,0,"BR","Curitiba",4,"[{""x"":-49.242076,""y"":-25.395327},{""x"":-49.241363,""y"":-25.395865},{""x"":-49.240692,""y"":-25.396713}]",2.02,209,"NONE","NONE",1118376405,"R. Eduardo Geronasso",0.5611111111111111,"[{""fromNode"":161158926,""ID"":158600153,""toNode"":161159068,""isForward"":false},{""fromNode"":161159068,""ID"":158600410,""toNode"":161159253,""isForward"":false}]",1,339,1543534328299,"R. Maximino Zanon",1118376405,1543534122495
1135975761,0,"BR","Pinhais",2,"[{""x"":-49.191576,""y"":-25.425342},{""x"":-49.191475,""y"":-25.42461},{""x"":-49.191351,""y"":-25.423705},{""x"":-49.191317,""y"":-25.423427},{""x"":-49.191001,""y"":-25.42084},{""x"":-49.190901,""y"":-25.419609},{""x"":-49.190736,""y"":-25.418327},{""x"":-49.19069,""y"":-25.417973}]",19.689999999999998,821,"NONE","NONE",1135975761,"R. Apucarana",5.469444444444444,"[{""fromNode"":161170674,""ID"":352430213,""toNode"":278847582,""isForward"":true},{""fromNode"":278847582,""ID"":352430214,""toNode"":161170726,""isForward"":true},{""fromNode"":161170726,""ID"":352430055,""toNode"":278847476,""isForward"":true},{""fromNode"":278847476,""ID"":352430056,""toNode"":161170799,""isForward"":true},{""fromNode"":161170799,""ID"":158617567,""toNode"":161170820,""isForward"":true},{""fromNode"":161170820,""ID"":357792524,""toNode"":282344684,""isForward"":false},{""fromNode"":282344684,""ID"":357792520,""toNode"":161170660,""isForward"":false}]",2,85,1543534327422,"Av. Maringá",1135975761,1543534122016
1122656933,0,"BR","Curitiba",2,"[{""x"":-49.246551,""y"":-25.396911},{""x"":-49.247073,""y"":-25.397476},{""x"":-49.247562,""y"":-25.398021},{""x"":-49.248096,""y"":-25.398575},{""x"":-49.248594,""y"":-25.399101}]",8.030000000000001,319,"NONE","NONE",1122656933,"R. Estados Unidos",2.2305555555555556,"[{""fromNode"":161157840,""ID"":158598425,""toNode"":161157713,""isForward"":false},{""fromNode"":161157713,""ID"":158598235,""toNode"":161157579,""isForward"":false},{""fromNode"":161157579,""ID"":158598042,""toNode"":161157523,""isForward"":false},{""fromNode"":161157523,""ID"":158597842,""toNode"":161157297,""isForward"":false}]",1,84,1543534329539,"R. José Merhy",1122656933,1543534122845
1135871931,0,"BR","Curitiba",1,"[{""x"":-49.206933,""y"":-25.440413},{""x"":-49.206096,""y"":-25.440789},{""x"":-49.20523,""y"":-25.441174}]",3.6999999999999997,191,"NONE","NONE",1135871931,"R. Dra. Juracy Riquelme",1.0277777777777777,"[{""fromNode"":161166456,""ID"":158611471,""toNode"":161166872,""isForward"":true},{""fromNode"":161166872,""ID"":158611771,""toNode"":161167068,""isForward"":true}]",1,90,1543534330740,"R. Frederico Stadler Júnior",1135871931,1543534024569
1125197582,0,"BR","Curitiba",2,"[{""x"":-49.24675,""y"":-25.393177},{""x"":-49.245412,""y"":-25.394202},{""x"":-49.244577,""y"":-25.394866},{""x"":-49.243769,""y"":-25.395481}]",11.600000000000001,394,"NONE","NONE",1125197582,"R. Jovino do Rosário",3.2222222222222223,"[{""fromNode"":161157800,""ID"":158598545,""toNode"":161157988,""isForward"":false},{""fromNode"":161157988,""ID"":158599004,""toNode"":161158293,""isForward"":false},{""fromNode"":161158293,""ID"":158599280,""toNode"":161158478,""isForward"":false}]",1,66,1543534329431,"R. Manoel de Souza Dias Negrão",1125197582,1543534123371
1105897097,0,"BR","Curitiba",3,"[{""x"":-49.248124,""y"":-25.38667},{""x"":-49.247176,""y"":-25.387375},{""x"":-49.247055,""y"":-25.387477},{""x"":-49.246273,""y"":-25.388074},{""x"":-49.245376,""y"":-25.388774},{""x"":-49.244533,""y"":-25.389414}]",10.15,473,"NONE","NONE",1105897097,"R. N. Sra. de Nazaré",2.8194444444444446,"[{""fromNode"":161157394,""ID"":158598016,""toNode"":161157635,""isForward"":false},{""fromNode"":161157635,""ID"":158598377,""toNode"":161157676,""isForward"":false},{""fromNode"":161157676,""ID"":158598433,""toNode"":161157907,""isForward"":false},{""fromNode"":161157907,""ID"":158598704,""toNode"":161158099,""isForward"":false},{""fromNode"":161158099,""ID"":158599026,""toNode"":161158291,""isForward"":false}]",1,91,1543534329149,"R. Brig. Arthur Carlos Peralta",1105897097,1543534123394
1135819110,0,"BR","Curitiba",3,"[{""x"":-49.235294,""y"":-25.520055},{""x"":-49.236231,""y"":-25.518217}]",4.010000000000001,224,"NONE","NONE",1135819110,"R. Pastor Carlos Frank",1.113888888888889,"[{""fromNode"":161160383,""ID"":277337181,""toNode"":161160195,""isForward"":true}]",1,163,1543534329982,"R. Ten. Cel. Vilagran Cabrita",1135819110,1543531255361
1125200972,0,"BR","São José dos Pinhais",3,"[{""x"":-49.185613,""y"":-25.511292},{""x"":-49.186584,""y"":-25.510531},{""x"":-49.187134,""y"":-25.510099},{""x"":-49.187678,""y"":-25.50966},{""x"":-49.188803,""y"":-25.50878}]",7.359999999999999,424,"NONE","NONE",1125200972,"R. Agenor Lino de Oliveira",2.0444444444444443,"[{""fromNode"":161171740,""ID"":158618911,""toNode"":161171642,""isForward"":false},{""fromNode"":161171642,""ID"":158618760,""toNode"":161171437,""isForward"":false},{""fromNode"":161171437,""ID"":158618600,""toNode"":161171317,""isForward"":false},{""fromNode"":161171317,""ID"":158618250,""toNode"":161171103,""isForward"":false}]",1,156,1543534332625,"R. Des. Ernâni Almeida de Abreu",1125200972,1543534125415
1125197052,0,"BR","Curitiba",2,"[{""x"":-49.240152,""y"":-25.504424},{""x"":-49.24103,""y"":-25.50257}]",5.66,223,"NONE","NONE",1125197052,"R. Gabriel Corisco Domingues",1.5722222222222222,"[{""fromNode"":161159295,""ID"":158600548,""toNode"":161159045,""isForward"":false}]",1,86,1543534328792,"R. Profa. Maria de Assumpção",1125197052,1543534122824
1116618286,0,"BR","Curitiba",4,"[{""x"":-49.203745,""y"":-25.39589},{""x"":-49.203122,""y"":-25.397224},{""x"":-49.202498,""y"":-25.39855}]",4.03,321,"NONE","NONE",1116618286,"R. Rio Jaguaribe",1.1194444444444445,"[{""fromNode"":161167383,""ID"":158612665,""toNode"":161167517,""isForward"":true},{""fromNode"":161167517,""ID"":158612921,""toNode"":161167681,""isForward"":true}]",1,226,1543534330896,"R. Rio Jari",1116618286,1543534124222
1125054652,0,"BR","Pinhais",3,"[{""x"":-49.19194,""y"":-25.426159},{""x"":-49.192308,""y"":-25.427745},{""x"":-49.192394,""y"":-25.428114},{""x"":-49.192633,""y"":-25.429135},{""x"":-49.192888,""y"":-25.430101},{""x"":-49.192908,""y"":-25.430186},{""x"":-49.192977,""y"":-25.430484},{""x"":-49.193078,""y"":-25.430919},{""x"":-49.193133,""y"":-25.431124},{""x"":-49.193291,""y"":-25.4318}]",16.650000000000002,641,"NONE","NONE",1125054652,"PR-415 Rod. João Leopoldo Jacomel",4.625,"[{""fromNode"":161170410,""ID"":302710084,""toNode"":247466944,""isForward"":true},{""fromNode"":247466944,""ID"":302710087,""toNode"":161170353,""isForward"":true},{""fromNode"":161170353,""ID"":261753366,""toNode"":219673564,""isForward"":true},{""fromNode"":219673564,""ID"":261753367,""toNode"":161170306,""isForward"":true},{""fromNode"":161170306,""ID"":352430592,""toNode"":278847804,""isForward"":false},{""fromNode"":278847804,""ID"":352430586,""toNode"":161170276,""isForward"":true},{""fromNode"":161170276,""ID"":324406880,""toNode"":261390495,""isForward"":false}]",2,92,1543534326426,"Av. Maringá",1125054652,1543534121043
1125052372,0,"BR","Curitiba",3,"[{""x"":-49.294669,""y"":-25.502383},{""x"":-49.294123,""y"":-25.50224},{""x"":-49.293201,""y"":-25.501882},{""x"":-49.292721,""y"":-25.500902}]",6.609999999999999,277,"NONE","NONE",1125052372,"R. Sebastião Pedrozo",1.836111111111111,"[{""fromNode"":161144546,""ID"":158578819,""toNode"":161144879,""isForward"":true},{""fromNode"":161144879,""ID"":158579376,""toNode"":161145210,""isForward"":true}]",1,104,1543534323961,"R. Eponino Macuco",1125052372,1543534119048
1118039705,0,"BR","Curitiba",3,"[{""x"":-49.208237,""y"":-25.391702},{""x"":-49.207725,""y"":-25.391111},{""x"":-49.207725,""y"":-25.39111},{""x"":-49.206541,""y"":-25.389754},{""x"":-49.206297,""y"":-25.389514},{""x"":-49.206174,""y"":-25.389417},{""x"":-49.205824,""y"":-25.389214},{""x"":-49.20563,""y"":-25.389123},{""x"":-49.205294,""y"":-25.389003},{""x"":-49.204913,""y"":-25.388903},{""x"":-49.204704,""y"":-25.388862},{""x"":-49.204519,""y"":-25.388838},{""x"":-49.204317,""y"":-25.388826},{""x"":-49.201499,""y"":-25.388914}]",15.73,812,"NONE","NONE",1118039705,"Retorno",4.3694444444444445,"[{""fromNode"":161165627,""ID"":158610959,""toNode"":161166523,""isForward"":true},{""fromNode"":161166523,""ID"":158611154,""toNode"":161166655,""isForward"":true}]",6,125,1543534330671,"Av. Linha Verde",1118039705,1543533826501
1122942054,0,"BR","São José dos Pinhais",2,"[{""x"":-49.185976,""y"":-25.496701},{""x"":-49.18519,""y"":-25.497283},{""x"":-49.184512,""y"":-25.497805},{""x"":-49.183028,""y"":-25.498908}]",10.07,384,"NONE","NONE",1122942054,"R. Afonso de Lima",2.797222222222222,"[{""fromNode"":161171587,""ID"":158619078,""toNode"":161171839,""isForward"":true},{""fromNode"":161171839,""ID"":158619502,""toNode"":161172125,""isForward"":true}]",1,66,1543534332609,"R. Profa. Marieta de Souza e Silva",1122942054,1543534126282
1122940954,0,"BR","São José dos Pinhais",2,"[{""x"":-49.189148,""y"":-25.513245},{""x"":-49.188164,""y"":-25.514012},{""x"":-49.187194,""y"":-25.514753},{""x"":-49.185989,""y"":-25.515713},{""x"":-49.18549,""y"":-25.516107},{""x"":-49.183342,""y"":-25.517772}]",12.530000000000001,769,"NONE","NONE",1122940954,"Av. Rui Barbosa",3.4805555555555556,"[{""fromNode"":161170839,""ID"":158618171,""toNode"":161171262,""isForward"":true},{""fromNode"":161171262,""ID"":158618456,""toNode"":161171442,""isForward"":true},{""fromNode"":161171442,""ID"":158618724,""toNode"":161171619,""isForward"":true},{""fromNode"":161171619,""ID"":158619076,""toNode"":161171838,""isForward"":true},{""fromNode"":161171838,""ID"":158619228,""toNode"":161171715,""isForward"":true}]",1,101,1543534331616,"R. David Campista",1122940954,1543534125375
1122788244,0,"BR","Curitiba",3,"[{""x"":-49.342944,""y"":-25.470765},{""x"":-49.34265,""y"":-25.470688},{""x"":-49.342471,""y"":-25.470662},{""x"":-49.342298,""y"":-25.470657},{""x"":-49.34201,""y"":-25.470687},{""x"":-49.341591,""y"":-25.470777},{""x"":-49.341451,""y"":-25.470851},{""x"":-49.341108,""y"":-25.471079},{""x"":-49.340718,""y"":-25.471305},{""x"":-49.340471,""y"":-25.471445},{""x"":-49.340323,""y"":-25.471478},{""x"":-49.340189,""y"":-25.471478},{""x"":-49.339583,""y"":-25.471416}]",8.56,364,"NONE","NONE",1122788244,"R. Maestro Dorival Rossi",2.3777777777777778,"[{""fromNode"":161130539,""ID"":158559125,""toNode"":161130758,""isForward"":true},{""fromNode"":161130758,""ID"":158559409,""toNode"":161130974,""isForward"":true},{""fromNode"":161130974,""ID"":158559732,""toNode"":161131214,""isForward"":true},{""fromNode"":161131214,""ID"":158559943,""toNode"":161131371,""isForward"":true}]",1,89,1543534319667,"R. Ciro de Castro",1122788244,1543534115995
1122661433,0,"BR","Pinhais",3,"[{""x"":-49.17661,""y"":-25.436121},{""x"":-49.1767,""y"":-25.436882},{""x"":-49.176797,""y"":-25.437664},{""x"":-49.176808,""y"":-25.438385},{""x"":-49.176805,""y"":-25.438452},{""x"":-49.176788,""y"":-25.439138}]",8.120000000000001,336,"NONE","NONE",1122661433,"Av. Ayrton Senna da Silva",2.2555555555555555,"[{""fromNode"":161173477,""ID"":158621970,""toNode"":161173511,""isForward"":true},{""fromNode"":161173511,""ID"":158621941,""toNode"":161173545,""isForward"":true},{""fromNode"":161173545,""ID"":300718729,""toNode"":246172801,""isForward"":true},{""fromNode"":246172801,""ID"":300718731,""toNode"":161173573,""isForward"":true},{""fromNode"":161173573,""ID"":284759373,""toNode"":235130120,""isForward"":true}]",2,112,1543534332343,"R. Uganda",1122661433,1543534126027
1122659043,0,"BR","Curitiba",2,"[{""x"":-49.234273,""y"":-25.499874},{""x"":-49.233416,""y"":-25.501673},{""x"":-49.232494,""y"":-25.503535},{""x"":-49.231607,""y"":-25.505377}]",16.18,666,"NONE","NONE",1122659043,"R. José Hauer",4.4944444444444445,"[{""fromNode"":161160589,""ID"":158602655,""toNode"":161160780,""isForward"":true},{""fromNode"":161160780,""ID"":158602961,""toNode"":161160984,""isForward"":true},{""fromNode"":161160984,""ID"":158603221,""toNode"":161161179,""isForward"":true}]",1,70,1543534331465,"R. Carlos de Laet",1122659043,1543534124366
1122024874,0,"BR","Curitiba",3,"[{""x"":-49.305857,""y"":-25.521678},{""x"":-49.304126,""y"":-25.522446},{""x"":-49.302444,""y"":-25.523238}]",10.01,384,"NONE","NONE",1122024874,"R. Fátima Bark",2.7805555555555554,"[{""fromNode"":161141134,""ID"":158574053,""toNode"":161141595,""isForward"":false},{""fromNode"":161141595,""ID"":158574736,""toNode"":161142072,""isForward"":false}]",1,86,1543534322415,"R. Leonardo Pianowski",1122024874,1543533415230
1121846813,0,"BR","Curitiba",3,"[{""x"":-49.349176,""y"":-25.486292},{""x"":-49.349366,""y"":-25.485867},{""x"":-49.349732,""y"":-25.484994},{""x"":-49.350081,""y"":-25.484198},{""x"":-49.350178,""y"":-25.484099}]",7.5200000000000005,264,"NONE","NONE",1121846813,"R. Raul Pompéia",2.088888888888889,"[{""fromNode"":161129237,""ID"":158557171,""toNode"":161129100,""isForward"":false},{""fromNode"":161129100,""ID"":158557065,""toNode"":161129025,""isForward"":false},{""fromNode"":161129025,""ID"":158556942,""toNode"":161128948,""isForward"":false}]",1,66,1543534344363,"R. Lodovico Kaminski",1121846813,1543533433765